31644,1581519863,45,17,5,6,normal,None
45784,1581519863,100,33,7,10,normal,None
119427,1581519863,47,12,4,8,attacker,FRPMI
85154,1581519863,39,34,4,2,virtual,FRPSI
42150,1581519863,76,53,3,3,normal,None
7574,1581519863,61,3,6,2,normal,None
123704,1581519863,61,89,6,10,virtual,FPMI
39644,1581519863,86,43,6,9,normal,None
16774,1581519863,82,100,8,6,normal,None
67069,1581519863,48,20,8,6,normal,None
42446,1581519863,100,64,9,3,normal,None
64415,1581519863,33,72,8,9,normal,None
125228,1581519863,75,12,5,10,virtual,FPMI
5523,1581519863,26,68,8,7,normal,None
3000,1581519863,19,95,1,3,normal,None
89398,1581519863,65,99,3,8,attacker,FPMI
13600,1581519863,83,65,4,7,normal,None
78739,1581519863,97,99,4,0,normal,None
5652,1581519863,65,61,8,4,normal,None
47215,1581519863,38,11,10,1,normal,None
73083,1581519863,69,53,2,0,normal,None
129646,1581519863,21,64,8,6,attacker,FPMI
118778,1581519863,61,17,3,0,virtual,FRPSI
88163,1581519863,36,57,2,0,attacker,FRPMI
102190,1581519863,66,94,0,3,virtual,FPMI
39778,1581519863,25,32,5,7,normal,None
57006,1581519863,99,44,5,9,normal,None
63045,1581519863,43,32,0,4,normal,None
93683,1581519863,51,73,6,0,virtual,FPSI
79039,1581519863,53,57,2,4,normal,None
7343,1581519863,81,6,6,2,normal,None
64071,1581519863,51,23,5,9,normal,None
50702,1581519863,97,90,1,4,normal,None
66058,1581519863,56,1,3,7,normal,None
70866,1581519863,38,79,4,2,normal,None
13527,1581519863,87,99,5,0,normal,None
33297,1581519863,92,87,4,9,normal,None
45572,1581519863,18,43,0,4,normal,None
89047,1581519863,20,35,1,10,virtual,FPMI
96793,1581519863,7,38,6,7,attacker,FPMI
93448,1581519863,35,77,4,3,virtual,FRPMI
108555,1581519863,10,60,10,4,virtual,FPMI
76189,1581519863,98,59,5,4,normal,None
39826,1581519863,12,95,0,4,normal,None
23029,1581519863,21,17,6,3,normal,None
85408,1581519863,33,59,4,8,virtual,FRPMI
46093,1581519863,76,23,0,8,normal,None
112340,1581519863,16,60,8,7,virtual,FPSI
104632,1581519863,40,89,0,7,virtual,FRPMI
46335,1581519863,2,31,4,3,normal,None
769,1581519863,46,35,4,2,normal,None
95389,1581519863,37,47,6,10,virtual,FPSI
51743,1581519863,12,2,2,2,normal,None
22827,1581519863,90,10,10,8,normal,None
46686,1581519863,93,39,3,4,normal,None
67879,1581519863,40,43,5,3,normal,None
91255,1581519863,82,48,10,8,attacker,FPSI
23379,1581519863,7,89,7,1,normal,None
10931,1581519863,27,39,4,10,normal,None
11928,1581519863,49,24,9,9,normal,None
38420,1581519863,96,28,4,5,normal,None
8059,1581519863,17,52,7,7,normal,None
27539,1581519863,60,85,6,2,normal,None
77214,1581519863,0,25,0,1,normal,None
21741,1581519863,82,10,3,1,normal,None
22304,1581519863,10,51,5,3,normal,None
73322,1581519863,52,37,9,2,normal,None
50206,1581519863,99,72,7,1,normal,None
95495,1581519863,59,94,9,2,virtual,FPMI
40554,1581519863,78,1,7,9,normal,None
27037,1581519863,1,18,8,1,normal,None
11682,1581519863,69,18,7,3,normal,None
111642,1581519863,47,28,7,2,virtual,FPMI
71663,1581519863,32,69,2,2,normal,None
129501,1581519863,9,36,7,4,virtual,FPSI
90008,1581519863,93,7,3,1,virtual,FRPMI
97903,1581519863,30,45,0,8,attacker,FRPMI
109334,1581519863,63,74,4,3,virtual,FPSI
103270,1581519863,23,97,7,1,virtual,FRPMI
25223,1581519863,74,95,4,8,normal,None
41773,1581519863,15,47,0,6,normal,None
55287,1581519863,5,79,8,3,normal,None
33525,1581519863,44,73,7,9,normal,None
8520,1581519863,53,10,0,7,normal,None
112907,1581519863,59,20,4,6,attacker,FRPSI
75550,1581519863,96,85,0,6,normal,None
39794,1581519863,25,30,3,10,normal,None
14061,1581519863,68,80,4,8,normal,None
76067,1581519863,87,7,10,4,normal,None
120352,1581519863,87,93,6,9,attacker,FRPMI
32080,1581519863,52,31,3,2,normal,None
74374,1581519863,65,46,10,10,normal,None
3803,1581519863,74,76,9,4,normal,None
50629,1581519863,14,47,0,1,normal,None
3158,1581519863,74,92,7,8,normal,None
80486,1581519863,82,4,10,5,attacker,FRPSI
7689,1581519863,50,78,0,10,normal,None
59325,1581519863,8,51,9,4,normal,None
31919,1581519863,84,29,1,10,normal,None
81185,1581519863,48,88,8,2,virtual,FRPSI
20742,1581519863,41,51,6,5,normal,None
121976,1581519863,84,39,0,1,virtual,FPMI
82997,1581519863,3,16,10,0,virtual,FRPMI
58898,1581519863,44,92,10,1,normal,None
70863,1581519863,30,66,4,7,normal,None
31302,1581519863,4,16,7,8,normal,None
8503,1581519863,47,48,6,5,normal,None
46597,1581519863,59,21,2,5,normal,None
5572,1581519863,77,36,7,1,normal,None
29559,1581519863,54,50,6,6,normal,None
95574,1581519863,90,69,10,3,virtual,FRPMI
97508,1581519863,56,93,5,0,virtual,FPMI
11067,1581519863,63,16,10,1,normal,None
45378,1581519863,38,13,1,4,normal,None
15230,1581519863,39,47,4,2,normal,None
77319,1581519863,71,22,3,7,normal,None
106,1581519863,77,5,6,7,normal,None
18155,1581519863,10,100,7,8,normal,None
120442,1581519863,74,80,8,9,virtual,FPMI
89764,1581519863,68,20,6,3,virtual,FRPMI
6536,1581519863,47,57,10,7,normal,None
53677,1581519863,27,35,10,8,normal,None
42038,1581519863,74,58,6,5,normal,None
93962,1581519863,97,66,10,10,virtual,FRPMI
59735,1581519863,93,44,4,4,normal,None
104659,1581519863,12,29,5,8,attacker,FRPMI
51315,1581519863,88,37,5,10,normal,None
4197,1581519863,40,33,9,9,normal,None
98661,1581519863,4,51,1,8,virtual,FRPMI
95451,1581519863,7,32,4,7,virtual,FPMI
2375,1581519863,55,33,7,2,normal,None
54551,1581519863,67,31,0,7,normal,None
40394,1581519863,81,45,5,6,normal,None
123449,1581519863,60,76,2,0,virtual,FRPSI
113926,1581519863,9,93,6,3,virtual,FRPSI
76014,1581519863,54,25,5,6,normal,None
73196,1581519863,93,82,0,1,normal,None
63598,1581519863,93,18,1,5,normal,None
2592,1581519863,80,25,2,6,normal,None
19255,1581519863,18,19,9,3,normal,None
114336,1581519863,89,33,3,5,attacker,FRPSI
117816,1581519863,12,76,9,0,attacker,FPMI
107467,1581519863,89,72,9,7,attacker,FRPSI
63138,1581519863,4,92,2,6,normal,None
76072,1581519863,4,65,3,6,normal,None
98437,1581519863,19,85,6,3,attacker,FRPMI
115828,1581519863,98,9,10,5,virtual,FRPMI
49152,1581519863,9,74,3,7,normal,None
9972,1581519863,93,91,7,3,normal,None
11281,1581519863,19,7,4,4,normal,None
71346,1581519863,51,41,2,3,normal,None
94152,1581519863,3,8,9,2,virtual,FPMI
34022,1581519863,50,36,8,7,normal,None
9583,1581519863,84,63,5,7,normal,None
76429,1581519863,4,79,3,8,normal,None
107986,1581519863,70,18,6,9,attacker,FRPMI
25835,1581519863,11,81,6,5,normal,None
50157,1581519863,6,5,3,3,normal,None
45709,1581519863,4,29,10,0,normal,None
33981,1581519863,14,55,3,8,normal,None
5846,1581519863,25,80,3,4,normal,None
121707,1581519863,92,57,10,5,virtual,FRPMI
35899,1581519863,11,81,6,7,normal,None
25440,1581519863,77,97,1,10,normal,None
41716,1581519863,7,49,1,8,normal,None
128387,1581519863,92,91,10,6,attacker,FPSI
49768,1581519863,53,76,5,10,normal,None
124741,1581519863,79,74,0,10,virtual,FRPSI
49720,1581519863,42,93,2,6,normal,None
12168,1581519863,30,80,7,8,normal,None
105529,1581519863,76,20,2,0,virtual,FRPSI
47639,1581519863,78,39,9,7,normal,None
66216,1581519863,69,74,3,8,normal,None
13767,1581519863,77,49,1,5,normal,None
29848,1581519863,17,100,1,1,normal,None
89796,1581519863,77,8,1,7,virtual,FPSI
117359,1581519863,31,19,4,10,virtual,FPSI
32142,1581519863,8,96,0,2,normal,None
9432,1581519863,91,26,10,10,normal,None
112904,1581519863,74,71,10,9,attacker,FPMI
94474,1581519863,0,1,1,4,attacker,FPMI
106518,1581519863,73,91,8,7,attacker,FPMI
74255,1581519863,17,23,8,0,normal,None
128001,1581519863,8,40,1,0,attacker,FRPMI
37640,1581519863,83,26,3,4,normal,None
48776,1581519863,43,75,3,10,normal,None
52887,1581519863,8,71,1,1,normal,None
56655,1581519863,51,88,5,7,normal,None
125039,1581519863,88,52,2,9,attacker,FRPSI
66872,1581519863,53,96,0,3,normal,None
17895,1581519863,58,98,5,0,normal,None
41089,1581519863,66,63,3,1,normal,None
1947,1581519863,2,94,8,3,normal,None
80579,1581519863,16,94,8,0,virtual,FRPMI
6155,1581519863,97,91,7,2,normal,None
94469,1581519863,67,78,7,9,attacker,FPMI
90440,1581519863,9,31,10,7,virtual,FPSI
24115,1581519863,30,68,3,3,normal,None
61676,1581519863,32,84,10,4,normal,None
69689,1581519863,15,96,6,4,normal,None
88029,1581519863,42,80,7,7,virtual,FPSI
44525,1581519863,79,17,0,8,normal,None
47610,1581519863,92,81,2,3,normal,None
123058,1581519863,46,37,1,3,attacker,FRPMI
36230,1581519863,32,86,2,0,normal,None
103734,1581519863,41,75,6,8,attacker,FPSI
94501,1581519863,62,97,2,5,virtual,FRPSI
70595,1581519863,67,78,4,0,normal,None
97042,1581519863,42,7,6,3,virtual,FPSI
80083,1581519863,29,60,6,5,attacker,FPSI
79808,1581519863,61,23,9,3,normal,None
55408,1581519863,65,70,4,3,normal,None
61513,1581519863,92,10,8,9,normal,None
71139,1581519863,56,47,0,10,normal,None
50703,1581519863,6,59,6,8,normal,None
109308,1581519863,62,20,7,6,virtual,FPMI
71152,1581519863,60,46,0,8,normal,None
124101,1581519863,20,71,10,10,attacker,FPSI
24705,1581519863,30,26,5,3,normal,None
87775,1581519863,91,20,8,2,virtual,FPSI
85182,1581519863,48,75,8,10,attacker,FPSI
126107,1581519863,54,13,3,8,attacker,FPSI
41366,1581519863,31,42,0,3,normal,None
17891,1581519863,28,71,4,7,normal,None
31975,1581519863,5,56,0,3,normal,None
97129,1581519863,80,39,9,8,attacker,FRPMI
60342,1581519863,100,29,3,0,normal,None
3630,1581519863,75,81,3,2,normal,None
78456,1581519863,51,77,1,10,normal,None
90464,1581519863,7,43,1,7,attacker,FPMI
80876,1581519863,67,99,5,7,attacker,FRPMI
54707,1581519863,12,13,7,0,normal,None
107467,1581519863,61,80,8,3,virtual,FRPSI
47043,1581519863,66,28,9,0,normal,None
82911,1581519863,96,79,2,7,attacker,FPSI
90750,1581519863,33,72,1,7,attacker,FPMI
98906,1581519863,16,42,7,1,virtual,FPMI
95971,1581519863,3,89,7,3,attacker,FPSI
71604,1581519863,22,24,6,7,normal,None
105410,1581519863,75,78,6,3,attacker,FRPMI
108546,1581519863,36,11,5,2,virtual,FRPMI
38343,1581519863,96,80,1,8,normal,None
78375,1581519863,71,81,4,1,normal,None
67323,1581519863,84,95,0,1,normal,None
100031,1581519863,52,93,6,10,virtual,FRPMI
89292,1581519863,73,32,0,7,virtual,FPSI
107472,1581519863,56,44,1,2,virtual,FRPMI
121258,1581519863,57,21,8,8,attacker,FPSI
96885,1581519863,22,96,8,4,virtual,FRPMI
122813,1581519863,32,90,9,6,attacker,FRPSI
35266,1581519863,49,66,4,7,normal,None
98094,1581519863,76,64,4,1,attacker,FPMI
10397,1581519863,59,9,7,9,normal,None
30418,1581519863,62,14,1,1,normal,None
117000,1581519863,26,38,0,8,virtual,FPSI
26707,1581519863,14,20,0,4,normal,None
44313,1581519863,46,89,8,8,normal,None
83633,1581519863,23,30,7,2,virtual,FPSI
44517,1581519863,78,79,9,7,normal,None
70645,1581519863,79,50,4,4,normal,None
75382,1581519863,29,13,3,4,normal,None
101873,1581519863,90,32,4,7,virtual,FPMI
92565,1581519863,83,34,1,6,virtual,FPMI
23148,1581519863,89,69,0,5,normal,None
64711,1581519863,41,96,7,5,normal,None
854,1581519863,39,83,4,1,normal,None
108481,1581519863,96,12,4,8,attacker,FPSI
8132,1581519863,66,71,10,7,normal,None
88703,1581519863,40,33,8,3,attacker,FPMI
108110,1581519863,80,89,4,1,virtual,FRPMI
93369,1581519863,45,88,7,6,virtual,FRPMI
81646,1581519863,36,67,8,10,virtual,FPMI
92668,1581519863,35,8,7,3,virtual,FPMI
35077,1581519863,6,94,2,5,normal,None
37671,1581519863,67,93,5,5,normal,None
36391,1581519863,0,7,6,10,normal,None
81174,1581519863,22,72,7,1,virtual,FRPMI
100653,1581519863,80,74,9,2,attacker,FRPSI
78516,1581519863,19,45,9,8,normal,None
89291,1581519863,60,74,2,1,virtual,FPMI
109829,1581519863,50,64,6,0,virtual,FPMI
80697,1581519863,40,97,9,0,attacker,FRPMI
37915,1581519863,88,43,10,6,normal,None
50611,1581519863,84,23,7,1,normal,None
127314,1581519863,36,55,4,2,virtual,FPMI
114022,1581519863,79,71,6,8,attacker,FPMI
53847,1581519863,20,58,4,0,normal,None
71811,1581519863,46,87,8,8,normal,None
33272,1581519863,50,1,0,8,normal,None
97336,1581519863,71,83,7,1,virtual,FRPMI
83784,1581519863,84,94,8,5,virtual,FRPSI
63365,1581519863,0,40,8,6,normal,None
41640,1581519863,93,49,6,5,normal,None
9304,1581519863,82,23,1,1,normal,None
85129,1581519863,30,26,8,6,attacker,FRPSI
13940,1581519863,9,33,8,7,normal,None
48033,1581519863,70,43,6,8,normal,None
3376,1581519863,19,39,9,10,normal,None
58855,1581519863,33,28,1,6,normal,None
61263,1581519863,16,95,5,8,normal,None
14862,1581519863,92,18,4,8,normal,None
128399,1581519863,47,76,9,1,attacker,FPMI
69193,1581519863,66,6,2,6,normal,None
89989,1581519863,10,26,6,4,attacker,FRPMI
3907,1581519863,19,32,9,10,normal,None
1973,1581519863,42,68,6,0,normal,None
52268,1581519863,55,60,10,1,normal,None
20047,1581519863,13,72,8,3,normal,None
85445,1581519863,62,63,4,9,virtual,FRPSI
118600,1581519863,43,13,4,9,virtual,FPMI
22474,1581519863,31,36,10,9,normal,None
82664,1581519863,14,90,1,0,virtual,FRPMI
54798,1581519863,74,85,2,10,normal,None
47337,1581519863,54,72,0,6,normal,None
124570,1581519863,77,100,2,1,attacker,FPSI
73558,1581519863,37,41,1,8,normal,None
97639,1581519863,4,70,9,7,virtual,FPMI
93375,1581519863,84,94,10,0,virtual,FRPSI
26729,1581519863,48,94,9,8,normal,None
40106,1581519863,4,44,5,7,normal,None
92740,1581519863,1,92,7,0,virtual,FPMI
64149,1581519863,21,33,9,9,normal,None
52505,1581519863,37,46,10,1,normal,None
84331,1581519863,96,18,3,9,virtual,FRPSI
93783,1581519863,51,10,10,4,attacker,FPSI
25776,1581519863,15,6,1,4,normal,None
65020,1581519863,78,17,2,6,normal,None
65756,1581519863,52,11,5,3,normal,None
101579,1581519863,38,96,6,4,virtual,FPMI
60133,1581519863,93,96,5,0,normal,None
61710,1581519863,19,20,3,1,normal,None
88193,1581519863,38,74,7,7,attacker,FPMI
37463,1581519863,11,43,10,7,normal,None
26629,1581519863,4,69,3,0,normal,None
46402,1581519863,55,78,8,7,normal,None
3402,1581519863,21,11,8,10,normal,None
65526,1581519863,46,38,2,0,normal,None
19100,1581519863,42,16,6,10,normal,None
21276,1581519863,1,25,3,4,normal,None
95949,1581519863,88,5,6,3,attacker,FPSI
86789,1581519863,88,29,7,9,virtual,FPMI
78789,1581519863,81,77,6,4,normal,None
35947,1581519863,91,90,6,2,normal,None
45412,1581519863,2,46,9,8,normal,None
128874,1581519863,41,17,1,8,virtual,FPMI
31209,1581519863,61,58,7,8,normal,None
43615,1581519863,62,73,1,10,normal,None
26112,1581519863,14,23,5,8,normal,None
65235,1581519863,24,21,5,0,normal,None
33479,1581519863,80,88,1,2,normal,None
66721,1581519863,79,56,9,1,normal,None
43130,1581519863,56,81,5,5,normal,None
30102,1581519863,24,21,6,7,normal,None
79651,1581519863,40,46,7,9,normal,None
74509,1581519863,73,68,8,1,normal,None
95449,1581519863,34,33,2,7,virtual,FPMI
107943,1581519863,-1,87,1,3,virtual,FPMI
9313,1581519863,21,27,5,5,normal,None
64041,1581519863,91,4,9,8,normal,None
55269,1581519863,40,89,7,3,normal,None
15647,1581519863,33,68,0,8,normal,None
33778,1581519863,78,15,3,0,normal,None
11685,1581519863,7,44,5,4,normal,None
15541,1581519863,39,54,7,3,normal,None
105893,1581519863,72,72,5,4,virtual,FRPMI
71311,1581519863,36,59,9,3,normal,None
104545,1581519863,36,79,1,10,attacker,FRPSI
49328,1581519863,22,35,5,9,normal,None
42576,1581519863,55,83,8,0,normal,None
105232,1581519863,74,93,7,7,virtual,FRPMI
83385,1581519863,77,27,6,5,attacker,FRPMI
31129,1581519863,22,95,10,3,normal,None
102129,1581519863,-1,33,10,6,virtual,FPSI
19443,1581519863,65,28,10,0,normal,None
99975,1581519863,85,16,5,2,attacker,FPSI
16658,1581519863,25,95,10,10,normal,None
88457,1581519863,56,18,5,10,attacker,FRPMI
66152,1581519863,2,83,3,1,normal,None
15944,1581519863,35,97,8,7,normal,None
114897,1581519863,23,15,4,6,virtual,FRPMI
79176,1581519863,26,76,6,5,normal,None
44358,1581519863,75,81,2,3,normal,None
7331,1581519863,4,26,7,7,normal,None
30257,1581519863,50,99,4,2,normal,None
2667,1581519863,73,78,7,1,normal,None
95514,1581519863,24,16,2,5,attacker,FPMI
7423,1581519863,29,37,7,3,normal,None
90673,1581519863,64,72,1,8,attacker,FPMI
87006,1581519863,57,27,3,0,attacker,FPMI
104601,1581519863,23,1,3,3,virtual,FRPSI
50694,1581519863,86,61,6,7,normal,None
108075,1581519863,56,7,5,9,virtual,FPSI
24032,1581519863,53,57,0,1,normal,None
98438,1581519863,41,47,7,8,virtual,FRPMI
58402,1581519863,99,71,1,10,normal,None
125842,1581519863,6,23,4,2,virtual,FPMI
88340,1581519863,1,95,9,7,virtual,FRPSI
62132,1581519863,37,23,3,8,normal,None
6319,1581519863,94,29,2,5,normal,None
83879,1581519863,45,81,7,10,virtual,FRPMI
78291,1581519863,58,0,5,2,normal,None
74709,1581519863,92,46,5,9,normal,None
128096,1581519863,24,46,1,10,attacker,FPMI
52747,1581519863,56,44,0,2,normal,None
17011,1581519863,15,71,9,2,normal,None
95088,1581519863,11,29,4,0,attacker,FPMI
30601,1581519863,36,67,7,3,normal,None
125878,1581519863,71,33,8,2,attacker,FRPSI
44732,1581519863,61,55,5,0,normal,None
64228,1581519863,46,76,7,8,normal,None
81265,1581519863,6,12,7,1,attacker,FRPMI
92545,1581519863,27,94,10,1,virtual,FPSI
21484,1581519863,77,30,6,7,normal,None
115304,1581519863,38,80,1,8,virtual,FRPMI
31772,1581519863,83,7,4,3,normal,None
60486,1581519863,55,0,3,8,normal,None
85951,1581519863,93,46,1,2,virtual,FPMI
126466,1581519863,46,27,4,5,attacker,FPSI
66219,1581519863,62,41,9,5,normal,None
128770,1581519863,12,19,3,4,virtual,FRPMI
55683,1581519863,12,61,8,9,normal,None
9531,1581519863,89,56,2,9,normal,None
31134,1581519863,52,51,1,7,normal,None
48816,1581519863,66,62,1,7,normal,None
54731,1581519863,32,16,2,5,normal,None
84320,1581519863,34,37,6,7,attacker,FPMI
94611,1581519863,79,61,3,1,attacker,FPSI
9184,1581519863,9,63,10,1,normal,None
66948,1581519863,31,15,8,9,normal,None
45211,1581519863,38,2,2,10,normal,None
113348,1581519863,91,5,10,8,attacker,FRPSI
110434,1581519863,80,42,9,10,attacker,FPSI
16111,1581519863,28,91,1,7,normal,None
3627,1581519863,72,74,3,0,normal,None
20302,1581519863,15,41,8,0,normal,None
55146,1581519863,28,74,3,6,normal,None
64181,1581519863,78,37,4,9,normal,None
49394,1581519863,57,66,8,4,normal,None
91185,1581519863,-2,87,10,9,virtual,FPMI
23144,1581519863,15,68,4,10,normal,None
52531,1581519863,37,12,7,5,normal,None
63704,1581519863,20,20,0,4,normal,None
63847,1581519863,92,90,6,0,normal,None
128122,1581519863,14,96,3,9,virtual,FRPSI
1731,1581519863,48,46,10,5,normal,None
44347,1581519863,32,69,6,9,normal,None
81675,1581519863,92,49,6,4,attacker,FPSI
36562,1581519863,48,69,0,0,normal,None
50624,1581519863,5,98,10,10,normal,None
46120,1581519863,66,80,4,8,normal,None
60047,1581519863,34,17,4,3,normal,None
78594,1581519863,38,8,9,9,normal,None
78630,1581519863,16,8,9,0,normal,None
128396,1581519863,11,64,0,8,attacker,FPMI
20466,1581519863,32,13,5,2,normal,None
29348,1581519863,25,49,0,1,normal,None
112777,1581519863,28,25,6,8,virtual,FRPSI
26533,1581519863,74,75,2,9,normal,None
52744,1581519863,41,100,5,2,normal,None
6405,1581519863,3,29,7,8,normal,None
77210,1581519863,17,7,9,6,normal,None
63194,1581519863,38,80,8,4,normal,None
93665,1581519863,38,94,1,4,virtual,FRPSI
28590,1581519863,36,67,8,5,normal,None
120773,1581519863,96,56,7,6,attacker,FRPMI
93238,1581519863,41,83,9,4,virtual,FPMI
81766,1581519863,79,91,10,5,virtual,FPMI
128,1581519863,47,58,5,1,normal,None
101428,1581519863,69,53,9,10,attacker,FRPSI
6234,1581519863,56,23,1,8,normal,None
123125,1581519863,27,41,6,0,virtual,FRPMI
690,1581519863,59,72,5,5,normal,None
59630,1581519863,24,37,3,6,normal,None
33396,1581519863,41,79,5,2,normal,None
51394,1581519863,19,11,0,7,normal,None
35197,1581519863,50,100,5,6,normal,None
104322,1581519863,11,35,7,4,virtual,FPMI
22375,1581519863,83,81,6,9,normal,None
8320,1581519863,19,20,2,7,normal,None
42917,1581519863,10,88,6,4,normal,None
93740,1581519863,23,31,4,3,virtual,FPMI
66465,1581519863,28,55,8,6,normal,None
84607,1581519863,72,12,0,8,virtual,FPMI
89887,1581519863,77,0,2,2,virtual,FPMI
61827,1581519863,89,99,7,5,normal,None
92446,1581519863,5,20,0,3,attacker,FPSI
105447,1581519863,35,42,1,6,virtual,FRPMI
82344,1581519863,3,48,7,1,virtual,FRPMI
40646,1581519863,73,70,2,0,normal,None
102992,1581519863,15,100,7,10,virtual,FRPMI
31668,1581519863,68,32,10,10,normal,None
38883,1581519863,37,14,8,1,normal,None
641,1581519863,42,50,7,10,normal,None
100871,1581519863,84,56,5,0,virtual,FRPMI
105127,1581519863,88,91,0,3,attacker,FPMI
15398,1581519863,100,49,5,2,normal,None
65442,1581519863,45,68,10,9,normal,None
90154,1581519863,94,58,5,2,virtual,FPMI
37773,1581519863,36,72,9,6,normal,None
76536,1581519863,16,86,9,6,normal,None
41390,1581519863,77,55,6,4,normal,None
23432,1581519863,24,37,8,5,normal,None
104713,1581519863,60,58,8,9,attacker,FPMI
98256,1581519863,0,96,5,3,virtual,FRPSI
7712,1581519863,7,45,8,8,normal,None
8505,1581519863,9,52,9,7,normal,None
56534,1581519863,34,71,5,10,normal,None
64819,1581519863,37,35,2,9,normal,None
119115,1581519863,52,84,3,5,virtual,FRPSI
106237,1581519863,82,33,2,0,virtual,FPMI
5976,1581519863,43,41,4,2,normal,None
53674,1581519863,45,71,1,0,normal,None
123520,1581519863,65,53,7,8,virtual,FPMI
104947,1581519863,46,93,5,3,attacker,FRPSI
127135,1581519863,0,75,7,3,virtual,FPMI
83198,1581519863,88,54,6,0,virtual,FPMI
4309,1581519863,77,34,4,6,normal,None
56633,1581519863,25,78,1,6,normal,None
6361,1581519863,20,87,1,3,normal,None
39437,1581519863,73,75,1,8,normal,None
19156,1581519863,21,65,0,4,normal,None
125445,1581519863,69,35,10,2,virtual,FRPMI
104580,1581519863,63,7,7,1,virtual,FPMI
127806,1581519863,66,47,9,1,virtual,FRPSI
2359,1581519863,66,41,7,1,normal,None
60426,1581519863,5,27,5,0,normal,None
43010,1581519863,12,26,4,8,normal,None
84844,1581519863,42,13,8,1,virtual,FRPMI
119202,1581519863,70,27,4,8,attacker,FPMI
116564,1581519863,19,34,7,10,virtual,FRPMI
39214,1581519863,87,88,1,2,normal,None
93763,1581519863,48,89,4,6,virtual,FPSI
2706,1581519863,38,7,1,9,normal,None
26653,1581519863,94,95,0,9,normal,None
11805,1581519863,71,73,9,0,normal,None
40860,1581519863,79,14,0,1,normal,None
78389,1581519863,40,73,10,4,normal,None
102383,1581519863,68,93,0,3,attacker,FPSI
49543,1581519863,75,78,5,1,normal,None
24015,1581519863,54,97,2,8,normal,None
116284,1581519863,24,94,1,2,attacker,FRPSI
15803,1581519863,0,7,8,1,normal,None
81314,1581519863,33,84,7,10,virtual,FRPMI
7976,1581519863,2,40,7,7,normal,None
27502,1581519863,92,77,8,1,normal,None
76254,1581519863,6,94,10,5,normal,None
71480,1581519863,87,88,0,1,normal,None
64708,1581519863,77,8,1,10,normal,None
37771,1581519863,21,16,4,8,normal,None
126899,1581519863,29,43,2,6,virtual,FPSI
101860,1581519863,60,6,3,5,attacker,FRPSI
91655,1581519863,69,17,10,8,attacker,FRPMI
93655,1581519863,77,40,0,7,attacker,FRPSI
90019,1581519863,64,77,9,5,attacker,FPMI
16422,1581519863,98,14,6,9,normal,None
29000,1581519863,53,9,1,3,normal,None
46798,1581519863,42,78,9,3,normal,None
30569,1581519863,16,39,6,10,normal,None
42881,1581519863,40,35,8,2,normal,None
103338,1581519863,68,76,10,5,virtual,FPMI
20137,1581519863,45,36,8,3,normal,None
74989,1581519863,16,80,2,1,normal,None
62743,1581519863,19,44,2,9,normal,None
69677,1581519863,16,38,10,4,normal,None
113645,1581519863,60,0,9,0,virtual,FRPSI
74515,1581519863,4,89,4,0,normal,None
80467,1581519863,46,82,1,10,virtual,FPSI
112236,1581519863,74,41,8,7,virtual,FPSI
6645,1581519863,77,4,10,7,normal,None
108280,1581519863,93,68,0,4,attacker,FPSI
21331,1581519863,97,14,5,0,normal,None
54176,1581519863,93,19,2,8,normal,None
70271,1581519863,49,6,3,0,normal,None
46850,1581519863,37,13,8,8,normal,None
78182,1581519863,15,93,1,1,normal,None
83041,1581519863,50,42,8,10,virtual,FPMI
25335,1581519863,72,0,0,4,normal,None
5249,1581519863,10,94,9,7,normal,None
94424,1581519863,85,70,3,10,virtual,FPMI
116164,1581519863,75,94,7,5,attacker,FRPSI
14620,1581519863,17,28,6,3,normal,None
573,1581519863,18,43,6,4,normal,None
52239,1581519863,4,32,3,8,normal,None
33419,1581519863,41,26,6,3,normal,None
100349,1581519863,30,75,1,4,virtual,FPMI
1085,1581519863,62,0,10,6,normal,None
25615,1581519863,62,42,4,10,normal,None
24282,1581519863,62,63,0,10,normal,None
34592,1581519863,94,14,0,0,normal,None
8751,1581519863,95,66,6,4,normal,None
123347,1581519863,0,36,1,4,virtual,FRPSI
92177,1581519863,4,83,1,4,virtual,FPMI
9627,1581519863,90,71,7,9,normal,None
8271,1581519863,18,98,8,7,normal,None
68427,1581519863,90,68,7,9,normal,None
21222,1581519863,32,85,9,9,normal,None
80036,1581519863,75,14,6,1,virtual,FPSI
55923,1581519863,67,75,6,3,normal,None
42885,1581519863,24,35,8,8,normal,None
84286,1581519863,84,95,6,8,attacker,FPSI
52356,1581519863,67,3,5,3,normal,None
67079,1581519863,33,39,2,5,normal,None
65411,1581519863,72,93,7,6,normal,None
89027,1581519863,33,54,10,2,virtual,FPSI
67516,1581519863,35,91,5,6,normal,None
116437,1581519863,54,74,4,4,attacker,FRPSI
111925,1581519863,28,39,5,1,virtual,FPMI
9272,1581519863,48,21,9,3,normal,None
111097,1581519863,54,16,0,1,virtual,FPMI
82901,1581519863,25,94,8,1,attacker,FPSI
82069,1581519863,8,8,4,6,virtual,FRPMI
5378,1581519863,77,25,3,3,normal,None
62442,1581519863,4,99,4,10,normal,None
13906,1581519863,51,43,5,9,normal,None
85682,1581519863,33,86,5,7,attacker,FPSI
16005,1581519863,57,23,7,4,normal,None
54048,1581519863,60,54,4,1,normal,None
63143,1581519863,13,38,10,3,normal,None
63331,1581519863,85,91,9,0,normal,None
72348,1581519863,60,30,4,0,normal,None
69804,1581519863,91,14,5,2,normal,None
24500,1581519863,64,67,6,4,normal,None
30748,1581519863,22,19,0,8,normal,None
60974,1581519863,92,66,6,2,normal,None
29587,1581519863,51,48,3,1,normal,None
110278,1581519863,21,3,7,7,attacker,FPSI
28276,1581519863,42,33,9,9,normal,None
17931,1581519863,41,72,3,8,normal,None
90995,1581519863,57,32,8,6,attacker,FPSI
101712,1581519863,10,83,5,0,virtual,FPMI
20643,1581519863,66,32,3,2,normal,None
25384,1581519863,21,83,3,3,normal,None
36590,1581519863,66,23,6,10,normal,None
65010,1581519863,74,39,10,3,normal,None
28517,1581519863,61,58,4,10,normal,None
118351,1581519863,70,85,9,1,virtual,FPSI
101509,1581519863,25,64,9,5,virtual,FRPMI
80668,1581519863,27,47,1,4,virtual,FPSI
54034,1581519863,4,68,5,0,normal,None
120169,1581519863,92,31,10,5,virtual,FRPMI
48584,1581519863,41,94,7,1,normal,None
11278,1581519863,99,23,2,5,normal,None
39291,1581519863,12,98,10,1,normal,None
108483,1581519863,85,37,2,4,attacker,FPSI
123306,1581519863,14,19,1,8,virtual,FPMI
79900,1581519863,50,74,6,0,normal,None
57275,1581519863,83,99,0,2,normal,None
97366,1581519863,88,59,2,2,attacker,FPSI
42684,1581519863,32,54,7,9,normal,None
10399,1581519863,26,21,5,8,normal,None
107525,1581519863,40,61,4,3,virtual,FRPMI
10267,1581519863,4,55,2,9,normal,None
107920,1581519863,12,96,7,1,virtual,FPMI
6691,1581519863,84,14,3,2,normal,None
71053,1581519863,67,14,7,1,normal,None
86001,1581519863,49,67,6,1,virtual,FPSI
62748,1581519863,65,86,2,5,normal,None
30171,1581519863,13,51,4,5,normal,None
68392,1581519863,78,18,8,10,normal,None
72744,1581519863,16,66,1,7,normal,None
10120,1581519863,71,78,3,0,normal,None
118823,1581519863,50,42,9,2,virtual,FRPMI
127000,1581519863,41,89,9,8,virtual,FRPMI
54577,1581519863,94,50,6,7,normal,None
27878,1581519863,3,57,9,3,normal,None
34506,1581519863,58,5,7,9,normal,None
11833,1581519863,17,74,2,4,normal,None
61786,1581519863,83,42,1,1,normal,None
35474,1581519863,62,27,3,10,normal,None
65546,1581519863,85,34,4,8,normal,None
11346,1581519863,78,31,1,1,normal,None
49448,1581519863,71,71,1,1,normal,None
121986,1581519863,62,50,2,10,virtual,FPMI
7092,1581519863,57,65,3,4,normal,None
114809,1581519863,11,57,5,10,virtual,FRPMI
13532,1581519863,87,23,1,7,normal,None
79952,1581519863,17,70,10,0,normal,None
118027,1581519863,29,97,0,8,attacker,FRPMI
68461,1581519863,69,73,9,2,normal,None
92652,1581519863,70,23,7,2,attacker,FRPMI
99009,1581519863,0,47,2,6,virtual,FRPMI
61836,1581519863,46,0,5,7,normal,None
57099,1581519863,31,71,5,9,normal,None
99896,1581519863,81,3,4,5,attacker,FRPSI
117572,1581519863,44,16,4,0,attacker,FPSI
56278,1581519863,25,73,7,3,normal,None
66611,1581519863,44,60,5,7,normal,None
37703,1581519863,33,56,8,9,normal,None
129593,1581519863,81,4,10,4,virtual,FPSI
93912,1581519863,36,78,8,4,attacker,FRPMI
103978,1581519863,71,24,0,5,virtual,FRPMI
123165,1581519863,77,83,8,8,virtual,FRPSI
18377,1581519863,21,89,3,7,normal,None
88275,1581519863,63,54,5,0,attacker,FPSI
126266,1581519863,75,28,6,4,attacker,FRPMI
25216,1581519863,69,31,8,6,normal,None
121287,1581519863,75,86,10,5,attacker,FPSI
65925,1581519863,26,95,1,9,normal,None
54298,1581519863,48,52,7,10,normal,None
83811,1581519863,56,48,6,7,attacker,FRPMI
84595,1581519863,85,80,4,1,virtual,FPMI
21462,1581519863,95,96,9,8,normal,None
26456,1581519863,80,93,1,4,normal,None
5714,1581519863,92,68,4,2,normal,None
102395,1581519863,91,60,7,9,virtual,FRPMI
66434,1581519863,85,21,1,1,normal,None
3725,1581519863,57,98,10,10,normal,None
42521,1581519863,25,73,2,10,normal,None
117257,1581519863,60,13,3,3,virtual,FRPMI
110196,1581519863,93,53,4,7,attacker,FRPSI
8980,1581519863,56,11,10,2,normal,None
84860,1581519863,23,28,9,1,attacker,FRPSI
78144,1581519863,37,25,6,7,normal,None
28244,1581519863,35,38,5,5,normal,None
127113,1581519863,98,69,1,10,virtual,FRPMI
16237,1581519863,98,49,0,0,normal,None
58197,1581519863,29,40,8,4,normal,None
84326,1581519863,44,67,7,3,attacker,FPMI
104708,1581519863,70,88,4,10,attacker,FPSI
75744,1581519863,2,96,2,10,normal,None
39368,1581519863,41,93,0,7,normal,None
113684,1581519863,-2,7,7,5,virtual,FPSI
82695,1581519863,60,5,3,0,virtual,FPMI
34923,1581519863,7,66,6,8,normal,None
49929,1581519863,55,33,9,3,normal,None
6423,1581519863,33,24,4,7,normal,None
117549,1581519863,10,75,4,4,attacker,FRPSI
111948,1581519863,8,29,8,10,virtual,FRPSI
10587,1581519863,22,41,10,2,normal,None
105171,1581519863,64,51,4,7,virtual,FPMI
24642,1581519863,45,74,5,2,normal,None
116194,1581519863,74,33,2,5,attacker,FPSI
84552,1581519863,36,43,7,1,virtual,FPMI
72246,1581519863,17,43,7,2,normal,None
6538,1581519863,75,53,6,8,normal,None
93101,1581519863,18,7,8,5,attacker,FRPMI
26837,1581519863,66,55,7,8,normal,None
64272,1581519863,52,34,8,0,normal,None
118102,1581519863,92,88,4,4,attacker,FPMI
125532,1581519863,7,69,6,4,virtual,FRPSI
10419,1581519863,42,86,5,6,normal,None
79206,1581519863,91,97,0,8,normal,None
109636,1581519863,-1,65,4,8,virtual,FPMI
111424,1581519863,66,44,8,4,virtual,FPMI
70104,1581519863,35,40,9,2,normal,None
94623,1581519863,64,44,4,5,virtual,FRPSI
94385,1581519863,95,54,7,6,attacker,FRPMI
72651,1581519863,82,79,5,3,normal,None
109260,1581519863,34,30,10,0,virtual,FRPMI
93762,1581519863,8,67,5,0,virtual,FRPMI
74137,1581519863,28,65,9,7,normal,None
62186,1581519863,58,64,10,2,normal,None
10766,1581519863,98,82,5,2,normal,None
59629,1581519863,61,12,6,1,normal,None
15592,1581519863,2,45,8,6,normal,None
57282,1581519863,70,94,0,5,normal,None
95853,1581519863,18,14,6,4,attacker,FPSI
83391,1581519863,30,42,3,0,virtual,FPSI
37447,1581519863,28,100,0,2,normal,None
75742,1581519863,45,17,10,6,normal,None
7433,1581519863,78,93,8,2,normal,None
38970,1581519863,58,57,4,4,normal,None
56204,1581519863,75,55,3,4,normal,None
2760,1581519863,95,66,10,8,normal,None
51213,1581519863,89,9,6,4,normal,None
65049,1581519863,39,83,7,7,normal,None
92516,1581519863,9,64,0,2,attacker,FPSI
33333,1581519863,87,79,0,3,normal,None
7970,1581519863,78,69,4,8,normal,None
113111,1581519863,86,32,10,2,virtual,FRPMI
10887,1581519863,7,40,9,10,normal,None
24208,1581519863,11,23,4,1,normal,None
115620,1581519863,16,85,2,10,attacker,FRPMI
91608,1581519863,55,36,3,8,virtual,FRPSI
53821,1581519863,60,23,1,8,normal,None
106718,1581519863,50,63,5,0,virtual,FPMI
38004,1581519863,20,32,5,5,normal,None
17859,1581519863,96,14,9,0,normal,None
47857,1581519863,76,1,1,2,normal,None
38330,1581519863,67,15,8,5,normal,None
38118,1581519863,80,53,8,4,normal,None
117355,1581519863,80,20,7,9,attacker,FPSI
60774,1581519863,82,26,7,5,normal,None
87149,1581519863,15,55,3,4,attacker,FRPMI
72748,1581519863,64,65,7,2,normal,None
123796,1581519863,-2,10,9,3,virtual,FPSI
14058,1581519863,31,62,2,2,normal,None
76869,1581519863,77,24,9,0,normal,None
111047,1581519863,60,4,7,4,attacker,FRPMI
63591,1581519863,98,75,10,3,normal,None
35907,1581519863,57,67,10,4,normal,None
78491,1581519863,34,62,0,10,normal,None
40843,1581519863,49,21,6,1,normal,None
117324,1581519863,84,28,7,9,attacker,FPSI
48809,1581519863,11,14,0,8,normal,None
82729,1581519863,16,46,10,6,virtual,FRPMI
105186,1581519863,83,93,9,6,virtual,FRPSI
111734,1581519863,3,59,4,7,attacker,FPSI
20705,1581519863,34,58,8,10,normal,None
62760,1581519863,21,53,10,8,normal,None
51510,1581519863,99,70,10,7,normal,None
78878,1581519863,14,46,6,8,normal,None
92324,1581519863,35,17,1,9,attacker,FPMI
109107,1581519863,62,51,4,4,attacker,FRPMI
114214,1581519863,13,22,2,2,virtual,FRPSI
38969,1581519863,23,15,3,7,normal,None
78265,1581519863,62,14,2,0,normal,None
117900,1581519863,87,54,5,3,virtual,FPSI
56883,1581519863,24,72,4,9,normal,None
83756,1581519863,69,38,0,10,attacker,FPSI
45644,1581519863,57,2,8,1,normal,None
119588,1581519863,59,40,9,1,attacker,FPMI
42171,1581519863,0,65,7,4,normal,None
47856,1581519863,40,67,7,9,normal,None
32491,1581519863,42,73,6,0,normal,None
39121,1581519863,100,81,0,10,normal,None
87694,1581519863,33,71,1,4,attacker,FPMI
81227,1581519863,89,73,3,7,virtual,FRPSI
34020,1581519863,49,25,3,3,normal,None
27599,1581519863,33,79,1,3,normal,None
68573,1581519863,58,86,6,2,normal,None
70769,1581519863,72,62,10,1,normal,None
4635,1581519863,29,57,6,7,normal,None
7837,1581519863,95,26,4,1,normal,None
64317,1581519863,60,80,5,1,normal,None
15769,1581519863,54,39,4,0,normal,None
25840,1581519863,82,27,9,0,normal,None
105260,1581519863,54,47,4,9,virtual,FRPMI
102885,1581519863,7,31,9,0,virtual,FRPMI
49734,1581519863,14,90,3,1,normal,None
113006,1581519863,9,67,5,7,virtual,FRPMI
33322,1581519863,51,68,10,7,normal,None
126685,1581519863,100,91,2,4,attacker,FRPMI
117115,1581519863,73,88,6,5,attacker,FPMI
64444,1581519863,59,84,9,7,normal,None
99994,1581519863,21,96,4,3,virtual,FPMI
112057,1581519863,77,66,1,2,attacker,FRPSI
112333,1581519863,99,74,0,10,virtual,FPSI
14478,1581519863,71,91,1,10,normal,None
83852,1581519863,62,14,6,5,virtual,FPMI
64849,1581519863,60,49,0,10,normal,None
121563,1581519863,51,77,6,4,virtual,FPSI
20282,1581519863,32,74,3,10,normal,None
60852,1581519863,35,31,3,7,normal,None
113419,1581519863,55,34,2,9,attacker,FRPMI
129845,1581519863,99,52,8,9,attacker,FPMI
32316,1581519863,76,21,0,8,normal,None
111813,1581519863,57,54,1,7,attacker,FRPSI
4975,1581519863,95,81,5,6,normal,None
91471,1581519863,48,58,7,9,attacker,FRPSI
16542,1581519863,56,6,9,10,normal,None
62196,1581519863,30,69,4,10,normal,None
74296,1581519863,91,61,3,6,normal,None
18405,1581519863,51,64,3,2,normal,None
62768,1581519863,14,77,3,8,normal,None
89254,1581519863,99,2,0,6,attacker,FPMI
75183,1581519863,2,32,0,7,normal,None
58280,1581519863,66,90,3,3,normal,None
59683,1581519863,7,51,8,6,normal,None
41062,1581519863,66,70,4,10,normal,None
58342,1581519863,26,93,8,10,normal,None
52475,1581519863,29,45,2,3,normal,None
57246,1581519863,21,96,4,10,normal,None
59028,1581519863,17,30,6,8,normal,None
3250,1581519863,4,32,1,8,normal,None
13258,1581519863,43,48,3,9,normal,None
10509,1581519863,56,96,8,4,normal,None
57715,1581519863,89,96,7,9,normal,None
123274,1581519863,28,93,10,7,virtual,FPMI
110629,1581519863,68,96,0,3,attacker,FPMI
31015,1581519863,54,89,10,8,normal,None
63861,1581519863,60,72,9,10,normal,None
82479,1581519863,24,85,4,2,virtual,FRPMI
65884,1581519863,95,37,6,3,normal,None
71770,1581519863,62,19,5,9,normal,None
54840,1581519863,2,67,10,7,normal,None
50013,1581519863,46,9,9,3,normal,None
102915,1581519863,46,26,4,6,virtual,FPMI
111993,1581519863,57,90,6,0,attacker,FPSI
47020,1581519863,57,1,3,5,normal,None
43478,1581519863,58,21,2,1,normal,None
37722,1581519863,21,74,10,8,normal,None
122565,1581519863,49,67,4,6,attacker,FRPMI
55585,1581519863,71,9,10,5,normal,None
119728,1581519863,73,78,7,3,virtual,FPMI
119171,1581519863,35,1,3,7,virtual,FRPMI
23545,1581519863,79,98,6,3,normal,None
30002,1581519863,54,53,7,2,normal,None
1130,1581519863,46,43,8,5,normal,None
19233,1581519863,9,25,5,0,normal,None
106798,1581519863,35,83,9,3,attacker,FRPSI
35927,1581519863,74,59,2,2,normal,None
67653,1581519863,81,75,3,6,normal,None
114192,1581519863,55,61,6,0,virtual,FPMI
128092,1581519863,89,54,7,4,attacker,FRPSI
39661,1581519863,100,100,7,9,normal,None
114907,1581519863,94,61,1,9,attacker,FRPSI
54303,1581519863,66,69,4,3,normal,None
94816,1581519863,83,20,8,6,virtual,FRPSI
61519,1581519863,61,98,8,3,normal,None
88986,1581519863,15,98,4,6,attacker,FRPSI
62601,1581519863,68,3,2,0,normal,None
38403,1581519863,51,99,6,10,normal,None
53597,1581519863,92,12,4,0,normal,None
71666,1581519863,38,61,2,2,normal,None
48756,1581519863,68,47,8,10,normal,None
126616,1581519863,41,93,4,5,virtual,FRPSI
6418,1581519863,88,11,1,2,normal,None
120586,1581519863,26,96,5,7,attacker,FPSI
108956,1581519863,99,21,9,5,attacker,FPSI
17611,1581519863,20,59,0,0,normal,None
52565,1581519863,40,49,7,0,normal,None
5287,1581519863,81,35,6,2,normal,None
66974,1581519863,13,95,2,10,normal,None
70631,1581519863,75,54,9,10,normal,None
106063,1581519863,69,45,4,8,virtual,FRPMI
30419,1581519863,94,42,3,3,normal,None
126463,1581519863,77,94,8,4,attacker,FRPMI
113340,1581519863,71,91,1,8,attacker,FRPSI
114551,1581519863,76,90,1,6,attacker,FRPSI
39359,1581519863,34,70,4,5,normal,None
16306,1581519863,21,62,2,7,normal,None
126005,1581519863,30,69,8,1,attacker,FPMI
123383,1581519863,17,50,3,3,attacker,FRPSI
7886,1581519863,90,98,9,0,normal,None
109203,1581519863,89,69,7,4,attacker,FRPSI
116215,1581519863,19,49,7,9,attacker,FRPMI
121296,1581519863,52,34,5,4,virtual,FRPSI
54849,1581519863,28,41,1,4,normal,None
78355,1581519863,10,22,3,6,normal,None
9755,1581519863,5,61,5,10,normal,None
46073,1581519863,93,39,7,4,normal,None
48352,1581519863,41,65,10,10,normal,None
71291,1581519863,82,74,7,9,normal,None
87603,1581519863,14,44,0,8,attacker,FRPSI
40218,1581519863,29,19,3,6,normal,None
18898,1581519863,40,16,4,5,normal,None
92777,1581519863,48,69,4,9,virtual,FRPSI
59655,1581519863,72,64,1,10,normal,None
124181,1581519863,80,56,6,7,attacker,FPSI
28133,1581519863,85,32,0,0,normal,None
38418,1581519863,60,15,1,7,normal,None
46252,1581519863,57,49,1,9,normal,None
26265,1581519863,25,5,8,3,normal,None
45131,1581519863,23,1,8,1,normal,None
15642,1581519863,90,6,4,4,normal,None
66123,1581519863,0,28,5,2,normal,None
8160,1581519863,50,45,5,2,normal,None
72459,1581519863,13,15,4,1,normal,None
88532,1581519863,49,17,9,6,virtual,FPSI
92907,1581519863,60,37,9,10,virtual,FPMI
79391,1581519863,20,52,0,4,normal,None
54202,1581519863,95,92,7,2,normal,None
126159,1581519863,86,87,7,0,attacker,FRPMI
120712,1581519863,36,60,1,5,virtual,FPMI
34121,1581519863,17,16,10,8,normal,None
112877,1581519863,65,63,0,10,attacker,FPMI
71947,1581519863,75,66,10,2,normal,None
3767,1581519863,57,48,1,1,normal,None
69788,1581519863,75,75,8,2,normal,None
15918,1581519863,57,87,6,1,normal,None
96374,1581519863,78,50,5,9,virtual,FPMI
35422,1581519863,96,11,6,2,normal,None
41103,1581519863,39,98,1,10,normal,None
98529,1581519863,56,64,2,6,virtual,FRPMI
5201,1581519863,96,11,9,2,normal,None
90142,1581519863,54,71,10,1,attacker,FPSI
86206,1581519863,0,49,1,5,virtual,FRPMI
88751,1581519863,44,76,5,7,virtual,FPSI
47055,1581519863,96,93,3,1,normal,None
87489,1581519863,33,99,1,3,virtual,FRPSI
97323,1581519863,33,86,9,5,attacker,FRPSI
37750,1581519863,50,8,9,9,normal,None
22589,1581519863,87,74,4,4,normal,None
66003,1581519863,11,36,1,9,normal,None
90752,1581519863,62,50,9,3,virtual,FPMI
100538,1581519863,11,15,7,4,virtual,FRPSI
38344,1581519863,90,43,4,5,normal,None
26292,1581519863,88,3,9,6,normal,None
29182,1581519863,18,8,6,8,normal,None
44907,1581519863,72,97,4,7,normal,None
74779,1581519863,2,11,1,5,normal,None
23791,1581519863,4,41,6,5,normal,None
67254,1581519863,95,44,2,10,normal,None
44215,1581519863,62,75,6,3,normal,None
47566,1581519863,5,54,6,1,normal,None
63172,1581519863,84,89,9,7,normal,None
20316,1581519863,34,61,3,2,normal,None
80418,1581519863,3,51,0,3,virtual,FRPMI
104019,1581519863,93,18,10,3,attacker,FPSI
37577,1581519863,23,99,0,6,normal,None
89830,1581519863,31,49,6,6,attacker,FPSI
1459,1581519863,69,60,1,1,normal,None
124725,1581519863,74,20,4,9,attacker,FRPSI
89243,1581519863,43,32,1,0,attacker,FPMI
13630,1581519863,42,61,3,5,normal,None
127022,1581519863,26,91,10,7,attacker,FPMI
67306,1581519863,90,4,9,1,normal,None
66668,1581519863,14,37,1,7,normal,None
40330,1581519863,57,15,8,7,normal,None
